{"train/reward":[1609.9278564453125,1412.701171875,1617.982666015625,1525.0306396484375,1591.9945068359375,1627.5504150390625,1626.7132568359375,1651.93115234375],"_wandb":{"runtime":161},"time/update":0.004631955146789546,"train/q_loss":5.4287261962890625,"time/rb - extend":0.000591278076171875,"train/entropy":-1.4661319255828857,"_step":433,"train/actor_loss":-56.2873420715332,"time/speed":175.9504253237553,"train/alpha_loss":0.07408354431390762,"_runtime":161,"time/collect":0.2561523914337158,"train/episode_length":1000,"trainer/step":51000,"_timestamp":1.7568889591613836e+09,"train/alpha":0.0850498154759407,"time/rb - sample":0.00014404773712158202,"time/eval":0,"eval/reward":2421.044677734375,"time/train":4.832383394241333}